[
  {
    "id": 1,
    "name": "Singapore MRT Environment",
    "href": "/projects/1",
    "desc": "Description",
    "images": [
      {
        "src": "https://cdnb.artstation.com/p/assets/covers/images/064/302/747/20230624045416/smaller_square/cheng-hong-terry-phua-cheng-hong-terry-phua-the-last-300-1.jpg?1687600456",
        "alt": "Image 1"
      },
      {
        "src": "https://cdna.artstation.com/p/assets/images/images/064/302/580/large/cheng-hong-terry-phua-screenshot-2023-06-24-174405.jpg?1687599908",
        "alt": "Image 2"
      }
    ]
  },
  {
    "id": 2,
    "name": "The Last 300 Game Environment",
    "href": "/projects/2",
    "desc": "Description",
    "images": [
      {
        "src": "https://cdna.artstation.com/p/assets/covers/images/064/302/898/smaller_square/cheng-hong-terry-phua-cheng-hong-terry-phua-the-last-300-3.jpg?1687600773",
        "alt": "Image 1"
      },
      {
        "src": "https://cdnb.artstation.com/p/assets/images/images/064/302/233/large/cheng-hong-terry-phua-the-last-300.jpg?1687598956",
        "alt": "Image 2"
      }
    ]
  }
]